acrid.png	acrid.png	Acridafuris.png	afuris.png	Afurisakbolto.png	akbolto.png	Akboltoakbronco.png	akbronco.png	Akbroncoakbronco_prime.png	akbronco_prime.png	Akbronco_Primeakjagara.png	akjagara.png	Akjagaraaklato.png	aklato.png	Aklatoaklex.png	aklex.png	Aklexakmagnus.png	akmagnus.png	Akmagnusaksomati.png	aksomati.png	Aksomatiakstiletto.png	akstiletto.png	Akstilettoakvasto.png	akvasto.png	Akvastoakzani.png	akzani.png	Akzaniangstrum.png	angstrum.png	Angstrumballistica.png	ballistica.png	Ballisticabolto.png	bolto.png	Boltobrakk.png	brakk.png	Brakkbronco.png	bronco.png	Broncobronco_prime.png	bronco_prime.png	Bronco_Primecastanas.png	castanas.png	Castanascestra.png	cestra.png	Cestradespair.png	despair.png	Despairdetron.png	detron.png	Detrondex_furis.png	dex_furis.png	Dex_Furisdual_cestras.png	double_cestra.png	Dual_Cestrasembolist.png	embolist.png	Embolistfuris.png	furis.png	Furisgammacor.png	gammacor.png	Gammacorhikou.png	hikou.png	Hikouhikou_prime.png	hikou_prime.png	Hikou_Primekohmak.png	kohmak.png	Kohmakkraken.png	kraken.png	Krakenkunai.png	kunai.png	Kunailato.png	lato.png	Latolato_prime.png	lato_prime.png	Lato_Primelato_vandal.png	lato_vandal.png	Lato_Vandallex.png	lex.png	Lexlex_prime.png	lex_prime.png	Lex_Primemagnus.png	magnus.png	Magnusmara_detron.png	mara_detron.png	Mara_Detronmarelok.png	marelok.png	Marelokmk1-furis.png	mk1-furis.png	Mk1-Furismk1-kunai.png	mk1-kunai.png	Mk1-Kunainukor.png	nukor.png	Nukorpyrana.png	pyrana.png	Pyranarakta_ballistica.png	rakta_ballistica.png	Rakta_Ballisticasancti_castanas.png	sancti_castanas.png	Sancti_Castanassecura_dual_cestra.png	secura_dual_cestra.png	Secura_Dual_Cestraseer.png	seer.png	Seersicarus.png	sicarus.png	Sicarussicarus_prime.png	sicarus_prime.png	Sicarus_Primespectra.png	spectra.png	Spectrastug.png	stug.png	Stugsynoid_gammacor.png	synoid_gammacor.png	Synoid_Gammacortelos_akbolto.png	telos_akbolto.png	Telos_Akboltotwin_gremlins.png	gremlins_jumeaux.png	Twin_Gremlinstwin_vipers.png	vipers_jumeaux.png	Twin_Viperstysis.png	tysis.png	Tysisvasto.png	vasto.png	Vastovasto_prime.png	vasto_prime.png	Vasto_Primevaykor_marelok.png	vaykor_marelok.png	Vaykor_Marelokviper.png	viper.png	Viperwraith_twin_vipers.png	vipers_jumeaux_wraith.png	Wraith_Twin_Vipers